{"cameraMode":{"drawMode":0,"name":"Shaded","section":"Shading Mode"},"sceneLighting":true,"audioPlay":false,"sceneViewState":{"showFog":true,"showMaterialUpdate":false,"showSkybox":true,"showFlares":true,"showImageEffects":true,"showParticleSystems":true,"showVisualEffectGraphs":true,"m_FxEnabled":true},"in2DMode":false,"pivot":{"x":-0.5618950128555298,"y":0.7135328054428101,"z":1.0553650856018067},"rotation":{"x":-0.6269125938415527,"y":0.03316127508878708,"z":-0.026714837178587915,"w":-0.777927815914154},"size":0.31767526268959048,"orthographic":true}